{
    "num_output_nodes_circ": 36, 
    "bladder_seed_size": 0.8, 
    "final_pressure": 0.15, 
    "fiber_a_angle_deg": 30.0, 
    "thickness": 2.0, 
    "label_addon": "", 
    "length": 115.18465439813812, 
    "fiber_element": "truss", 
    "label": "arc_30-220_r5_a30_b0_DFA", 
    "has_var_fib_angle": false, 
    "endcap_seed_size": 1.0, 
    "endcap_thickness": 1.0, 
    "fiber_seed_size": 0.6000000000000001, 
    "material": "DS10 (NeoHk, Polygerinos 2019)", 
    "path_type": "arc", 
    "path": [
        [
            0.0, 
            0.0, 
            0.0
        ], 
        [
            0.022096225419374987, 
            0.0, 
            1.151634585145855
        ], 
        [
            0.08838489266676758, 
            0.0, 
            2.301572093655084
        ], 
        [
            0.19876828116460185, 
            0.0, 
            3.44811732539502
        ], 
        [
            0.35308366734447566, 
            0.0, 
            4.589580081016072
        ], 
        [
            0.5511035645288995, 
            0.0, 
            5.724277653588131
        ], 
        [
            0.7925360582847084, 
            0.0, 
            6.850537309191889
        ], 
        [
            1.0770252367537214, 
            0.0, 
            7.966698752808305
        ], 
        [
            1.404151715326324, 
            0.0, 
            9.071116575870994
        ], 
        [
            1.773433254884507, 
            0.0, 
            10.162162681873571
        ], 
        [
            2.184325472702928, 
            0.0, 
            11.238228686456058
        ], 
        [
            2.6362226449600774, 
            0.0, 
            12.29772828843231
        ], 
        [
            3.1284585996764323, 
            0.0, 
            13.339099608263199
        ], 
        [
            3.660307698763355, 
            0.0, 
            14.360807490528126
        ], 
        [
            4.230985907734915, 
            0.0, 
            15.361345767000778
        ], 
        [
            4.83965195150581, 
            0.0, 
            16.339239476992887
        ], 
        [
            5.485408554571496, 
            0.0, 
            17.29304704169287
        ], 
        [
            6.167303763742264, 
            0.0, 
            18.221362389294
        ], 
        [
            6.884332351481402, 
            0.0, 
            19.122817027779295
        ], 
        [
            7.635437297778639, 
            0.0, 
            19.99608206230758
        ], 
        [
            8.419511348374336, 
            0.0, 
            20.839870154226585
        ], 
        [
            9.235398647037385, 
            0.0, 
            21.652937418825367
        ], 
        [
            10.081896439490542, 
            0.0, 
            22.434085259028347
        ], 
        [
            10.957756846471277, 
            0.0, 
            23.18216213232774
        ], 
        [
            11.86168870331444, 
            0.0, 
            23.896065248349732
        ], 
        [
            12.792359463344853, 
            0.0, 
            24.57474219455188
        ], 
        [
            13.748397162273838, 
            0.0, 
            25.2171924876551
        ], 
        [
            14.728392440703987, 
            0.0, 
            25.82246904852333
        ], 
        [
            15.730900621760494, 
            0.0, 
            26.389679598316466
        ], 
        [
            16.754443840786408, 
            0.0, 
            26.91798797385854
        ], 
        [
            17.797513223962206, 
            0.0, 
            27.406615360282085
        ], 
        [
            18.85857111263805, 
            0.0, 
            27.854841439131388
        ], 
        [
            19.93605333009967, 
            0.0, 
            28.26200545023234
        ], 
        [
            21.028371487426416, 
            0.0, 
            28.627507165763408
        ], 
        [
            22.133915325041983, 
            0.0, 
            28.950807775091782
        ], 
        [
            23.251055086506287, 
            0.0, 
            29.231430679070318
        ], 
        [
            24.37814392104887, 
            0.0, 
            29.46896219262435
        ], 
        [
            25.513520311302333, 
            0.0, 
            29.66305215459269
        ], 
        [
            26.655510522656616, 
            0.0, 
            29.813414443923673
        ], 
        [
            27.802431070623676, 
            0.0, 
            29.91982740146544
        ], 
        [
            28.952591202575064, 
            0.0, 
            29.982134156728595
        ], 
        [
            30.104295390193936, 
            0.0, 
            30.000242859139508
        ], 
        [
            31.255845828967256, 
            0.0, 
            29.97412681344344
        ], 
        [
            32.40554494103353, 
            0.0, 
            29.9038245190578
        ], 
        [
            33.55169787769626, 
            0.0, 
            29.78943961331755
        ], 
        [
            34.692615017914434, 
            0.0, 
            29.631140718696486
        ], 
        [
            35.82661445908624, 
            0.0, 
            29.42916119422949
        ], 
        [
            36.95202449645475, 
            0.0, 
            29.18379879150231
        ], 
        [
            38.06718608748024, 
            0.0, 
            28.89541521571595
        ], 
        [
            39.17045529754622, 
            0.0, 
            28.564435592472726
        ], 
        [
            40.26020572339389, 
            0.0, 
            28.191347841070062
        ], 
        [
            41.334830890712404, 
            0.0, 
            27.776701955225874
        ], 
        [
            42.392746622350636, 
            0.0, 
            27.32110919229587
        ], 
        [
            43.43239337365912, 
            0.0, 
            26.825241172178064
        ], 
        [
            44.45223853151958, 
            0.0, 
            26.289828887232677
        ], 
        [
            45.450778673672865, 
            0.0, 
            25.71566162467731
        ], 
        [
            46.42654178501478, 
            0.0, 
            25.103585803045515
        ], 
        [
            47.37808942759228, 
            0.0, 
            24.454503724424473
        ], 
        [
            48.3040188611017, 
            0.0, 
            23.769372244310794
        ], 
        [
            49.20296511076231, 
            0.0, 
            23.049201361045597
        ], 
        [
            50.07360297951739, 
            0.0, 
            22.295052726908086
        ], 
        [
            50.914649001596224, 
            0.0, 
            21.50803808306262
        ], 
        [
            51.72486333455726, 
            0.0, 
            20.689317620666344
        ], 
        [
            52.50305158702307, 
            0.0, 
            19.84009827055352
        ], 
        [
            53.24806657941298, 
            0.0, 
            18.96163192401764
        ], 
        [
            53.95881003507753, 
            0.0, 
            18.055213587314395
        ], 
        [
            54.63423419934186, 
            0.0, 
            17.122179472606003
        ], 
        [
            55.27334338407129, 
            0.0, 
            16.163905028161007
        ], 
        [
            55.875195435482006, 
            0.0, 
            15.18180291071367
        ], 
        [
            56.43890312303339, 
